id,name,url,category_breadcrumb,price_number,discountPercentage,ratingAverage,shop_id,shop_name,shop_city,shop_tier,countSold,name_clean,has_promo,umkm_label,bm25_score,popularity_raw,value_score,base_score,final_score
100104066565,HEELSADDICT Meera - Canvas Sling Bag Tas Wanita Kulit Kanvas,https://www.tokopedia.com/heelsaddict/heelsaddict-meera-canvas-sling-bag-tas-wanita-kulit-kanvas-1729473674219326340?extParam=ivf%3Dfalse%26keyword%3Dtas+wanita%26search_id%3D2026011517034211B9842E0A271F3E56SD%26src%3Dsearch,fashion-wanita/tas-wanita/hand-bag-wanita,67000,67,4.9,7494083370190473092,Heelsaddict_NEW,Kab. Bekasi,2,10000,heelsaddict meera canvas sling bag tas wanita kulit kanvas,True,UMKM,36.03870344567454,7.68189291211251,0.9170344827586208,0.8765671774629449,0.9642238952092395
100076629969,Tas wanita Kulit Lulu bag tas selempang wanita terbaru sling bag fashion,https://www.tokopedia.com/lalastore1/tas-wanita-kulit-lulu-bag-tas-selempang-wanita-terbaru-sling-bag-fashion-1729571781539562808?extParam=ivf%3Dfalse%26keyword%3Dtas+wanita%26search_id%3D20260115164432577BCC914F9E550F5WYP%26src%3Dsearch,fashion-wanita/tas-wanita/tas-selempang-wanita,52999,52,4.7,7494794228588316984,LALASTORE1,Jakarta Pusat,3,9000,tas wanita kulit lulu bag tas selempang wanita terbaru sling bag fashion,True,UMKM,35.387922358456706,7.834890234110209,0.8373103448275863,0.8462523461157447,0.9308775807273193
100118091412,LIGHT GWIN TAS WANITA KULIT PREMIUM SIZE 20cm Selempang -Tas selempang wanita kulit_Tas sling bag wanita_Tas shoulder bag wanita kekinian_tas  modern_Tas fashion wanita,https://www.tokopedia.com/light-gwin-original/light-gwin-tas-wanita-kulit-premium-size-20cm-selempang-tas-selempang-wanita-kulit-tas-sling-bag-wanita-tas-shoulder-bag-wanita-kekinian-tas-modern-tas-fashion-wanita-1730718326178809672?extParam=ivf%3Dfalse%26keyword%3Dtas+wanita%26search_id%3D20260115153556819F46E52C25762A8JTK%26src%3Dsearch,fashion-wanita/tas-wanita/tas-selempang-wanita,70000,65,4.8,7494672769747094344,Light Gwin Original,Kab. Pemalang,1,10000,light gwin tas wanita kulit premium size 20cm selempang tas selempang wanita kulit tas sling bag wanita tas shoulder bag wanita kekinian tas modern tas fashion wanita,True,UMKM,33.85120472240943,8.304669816625601,0.8961379310344827,0.8378232561429626,0.9216055817572589
100096225335,Tas Luna Jinjing Tas Wanita kulit asli selempang,https://www.tokopedia.com/siska-crocodile/tas-luna-jinjing-tas-wanita-kulit-asli-selempang-1729430245549836312?extParam=ivf%3Dfalse%26keyword%3Dtas+wanita%26search_id%3D2026011516511637BC2F75BF1BCF10AFQO%26src%3Dsearch,fashion-wanita/tas-wanita/tas-selempang-wanita,1650000,0,4.8,7494536484894836760,Siska Crocodile,Tangerang,1,50,tas luna jinjing tas wanita kulit asli selempang,False,UMKM,38.71146721993235,3.5152440827930613,0.6719999999999999,0.8128305138760132,0.8941135652636146
100093730323,Tas 2025 Tas Ember Baru Tas Selempang Ibu Tas Wanita Kulit Asli Tas 【Berikan  (Tiga tali bahu.)】,https://www.tokopedia.com/baokei/tas-2025-tas-ember-baru-tas-selempang-ibu-tas-wanita-kulit-asli-tas-berikan-tiga-tali-bahu-1729653042578163469?extParam=ivf%3Dfalse%26keyword%3Dtas+wanita%26search_id%3D20260115164432577BCC914F9E550F5WYP%26src%3Dsearch,fashion-wanita/tas-wanita/tas-selempang-wanita,168000,63,4.8,7495783093937867533,Baokei,Kab. Tangerang,1,2000,tas 2025 tas ember baru tas selempang ibu tas wanita kulit asli tas berikan tiga tali bahu,True,UMKM,33.22726138930338,6.485715142899207,0.8892413793103447,0.8010753641894983,0.8811829006084482
12630832109,Tas Selempang Wanita Kulit BAELLERRY N5018,https://www.tokopedia.com/baellerryofficialshop/tas-selempang-wanita-kulit-baellerry-n5018-yellow-65d6e?extParam=ivf%3Dtrue%26keyword%3Douter+wanita%26search_id%3D20260114114745B3967A0E938DC21F58R6%26src%3Dsearch,fashion-wanita/tas-wanita/tas-selempang-wanita,92740,60,4.8,16995167,Baellerry ID,Jakarta Barat,2,10000,tas selempang wanita kulit baellerry n5018,True,UMKM,26.08826956845052,7.334979651005526,0.8788965517241378,0.6740064988268757,0.7414071487095634
12610190507,Dompet Pendek Wanita Kulit BAELLERRY N1896,https://www.tokopedia.com/baellerryofficialshop/dompet-pendek-wanita-kulit-baellerry-n1896-black-7128b?extParam=ivf%3Dtrue%26keyword%3Douter+wanita%26search_id%3D20260114114745B3967A0E938DC21F58R6%26src%3Dsearch,fashion-wanita/tas-wanita/dompet-wanita,83395,60,4.9,16995167,Baellerry ID,Jakarta Barat,2,10000,dompet pendek wanita kulit baellerry n1896,True,UMKM,24.57898922768694,7.805101614788072,0.892896551724138,0.6548949291807921,0.7203844220988713
100124635258,Tas Bahu Wanita Kulit Hitam Elegan Selempang Model Terbaru 2025,https://www.tokopedia.com/btso-collection/tas-bahu-wanita-kulit-hitam-elegan-selempang-model-terbaru-2025-1730765215794431718?extParam=ivf%3Dfalse%26keyword%3Dtas+wanita%26search_id%3D20260115150458577BCC914F9E550DFD1E%26src%3Dsearch,fashion-wanita/tas-wanita/tas-selempang-wanita,65900,45,4.7,7495607921352477414,Btso collection,Bandung,3,10000,tas bahu wanita kulit hitam elegan selempang model terbaru 2025,True,UMKM,24.564570164930224,8.492575010352068,0.8131724137931035,0.643458060459706,0.7078038665056766
12607374356,Dompet Pendek Wanita Kulit PU BAELLERRY N8325,https://www.tokopedia.com/baellerryofficialshop/dompet-pendek-wanita-kulit-pu-baellerry-n8325-black-d0b81?extParam=ivf%3Dtrue%26keyword%3Douter+wanita%26search_id%3D20260114114745B3967A0E938DC21F58R6%26src%3Dsearch,fashion-wanita/tas-wanita/dompet-wanita,69900,60,4.9,16995167,Baellerry ID,Jakarta Barat,2,9000,dompet pendek wanita kulit pu baellerry n8325,True,UMKM,24.002897021982633,7.636543378175947,0.892896551724138,0.6418259426111502,0.7060085368722653
100285634404,Berrybenka - Tas Bahu Tekka Yora Shoulder Bag Tas Selempang Wanita Kulit Slingbag,https://www.tokopedia.com/berrybenka/berrybenka-tas-bahu-tekka-yora-shoulder-bag-tas-selempang-wanita-kulit-slingbag-1729860828322695892?extParam=ivf%3Dfalse%26keyword%3Dtas+wanita%26search_id%3D2026011515552794F6D7E04A4D45360V6Z%26src%3Dsearch,fashion-wanita/tas-wanita/shoulder-bag-wanita,47500,76,4.8,5537315,Berrybenka,Kab. Tangerang,2,10000,berrybenka tas bahu tekka yora shoulder bag tas selempang wanita kulit slingbag,True,UMKM,23.22118309660837,7.76711174853779,0.9340689655172414,0.6389674891089825,0.7028642380198808
102071724547,Monica bag tas selempang wanita Kulit Cewek,https://www.tokopedia.com/lord-of-bags/monica-bag-tas-selempang-wanita-kulit-cewek-1732164790467266343?extParam=ivf%3Dfalse%26keyword%3Dtas+wanita%26search_id%3D2026011515592894F6D7E04A4D452897AR%26src%3Dsearch,fashion-wanita/tas-wanita/tas-selempang-wanita,35000,65,4.8,7495479895728556839,LORD OF BAGS,Kab. Bogor,1,250,monica bag tas selempang wanita kulit cewek,True,UMKM,25.558026689260544,4.918205037572058,0.8961379310344827,0.6374450007128053,0.7011895007840859
100480532469,plus box tas selempang wanita kulit lioni by light gwin size pxlxt(25x9x15cm)-Tas wanita shoulderbags premium,https://www.tokopedia.com/light-gwin-original/plus-box-tas-selempang-wanita-kulit-lioni-by-light-gwin-size-pxlxt-25x9x15cm-tas-wanita-shoulderbags-premium-1731435360828294984?extParam=ivf%3Dfalse%26keyword%3Dtas+wanita%26search_id%3D20260115150458577BCC914F9E550DFD1E%26src%3Dsearch,fashion-wanita/tas-wanita/tas-selempang-wanita,55000,72,4.9,7494672769747094344,Light Gwin Original,Kab. Pemalang,1,1000,plus box tas selempang wanita kulit lioni by light gwin size pxlxt 25x9x15cm tas wanita shoulderbags premium,True,UMKM,23.79233183960666,6.014384401373895,0.9342758620689655,0.6274920144028493,0.6902412158431342
102441306817,Promo Harga Diskon TAS WANITA KULIT ASLI(HANDMADE) - Tembaga,https://www.tokopedia.com/tokoh-may-shop99/promo-harga-diskon-tas-wanita-kulit-asli-handmade-tembaga-1732915999458690957?extParam=ivf%3Dfalse%26keyword%3Dproduk+handmade%26search_id%3D20260305110254F2FC990265C7123D9YAR%26src%3Dsearch,fashion-wanita/tas-wanita/tote-bag,2226000,47,0.0,12249407,TOKOH MAY SHOP99,Malang,1,0,promo harga diskon tas wanita kulit asli handmade tembaga,True,UMKM,37.3631908135731,0.0,0.16206896551724137,0.6149618169431257,0.6764579986374383
100103462714,[Handmadeshoesby] Dompet Doche Wanita Kulit Kartu,https://www.tokopedia.com/handmadeshoesby-261/handmadeshoesby-dompet-doche-wanita-kulit-kartu-1729713957682449340?extParam=ivf%3Dfalse%26keyword%3Dproduk+handmade%26search_id%3D20260305113840BC6DC48B743DC50E4AH2%26src%3Dsearch,fashion-wanita/tas-wanita/dompet-wanita,40000,11,4.6,7494083491673180092,Handmadeshoesby_NEW,Kab. Mojokerto,2,7000,handmadeshoesby dompet doche wanita kulit kartu,False,UMKM,24.57898922768694,7.423530828678525,0.6819310344827585,0.5972873118458678,0.6570160430304547
100652150637,FOXER Tas Selempang Wanita Tas Bahu Yang Modis Dan Lucu Tas Wanita Kulit Cewek,https://www.tokopedia.com/foxerid/foxer-tas-selempang-wanita-tas-bahu-yang-modis-dan-lucu-tas-wanita-kulit-cewek-1731760028314470142?extParam=ivf%3Dfalse%26keyword%3Dtas+wanita%26search_id%3D2026011515552794F6D7E04A4D45360V6Z%26src%3Dsearch,fashion-wanita/tas-wanita/tas-selempang-wanita,289999,59,0.0,7496139288849320702,FOXER.Id,Kab. Tangerang,2,13,foxer tas selempang wanita tas bahu yang modis dan lucu tas wanita kulit cewek,True,UMKM,34.533335868453634,1.583434397769155,0.20344827586206896,0.5918629798011872,0.651049277781306
100019335859,jasmine - shoulderbag vintage tas bahu wanita Kulit PU,https://www.tokopedia.com/alus-bags/jasmine-shoulderbag-vintage-tas-bahu-wanita-kulit-pu-1729578124856821993?extParam=ivf%3Dfalse%26keyword%3Dtas+wanita%26search_id%3D2026011516292211B9842E0A271F2B6HLD%26src%3Dsearch,fashion-wanita/tas-wanita/shoulder-bag-wanita,99000,0,4.7,7494674286857455849,alus bags_NEW,Kab. Pemalang,3,8000,jasmine shoulderbag vintage tas bahu wanita kulit pu,False,UMKM,24.319480667158725,7.78697388982385,0.658,0.5910208427611934,0.6501229270373128
100109905391,NEYMO creamy bag / Shoulder Bag / Ts Bahu Wanita Kulit Selempang hand bag,https://www.tokopedia.com/neymobag66/neymo-creamy-bag-shoulder-bag-ts-bahu-wanita-kulit-selempang-hand-bag-1729653498013452083?extParam=ivf%3Dfalse%26keyword%3Dtas+wanita%26search_id%3D2026011515253420F07591C6FCB2164BYO%26src%3Dsearch,fashion-wanita/tas-wanita/shoulder-bag-wanita,39900,67,4.7,7494691068430420787,Neymobag66,Kab. Bogor,3,10000,neymo creamy bag shoulder bag ts bahu wanita kulit selempang hand bag,True,UMKM,21.059218990863254,7.961882170364648,0.8890344827586207,0.5892146313648398,0.6481360945013238
102671111298,CHARLES KYLIE - Tas bahu wanita kulit / Shoulder bag fashion / Tas wanita populer ternaru#2549,https://www.tokopedia.com/calvickylie/charles-kylie-tas-bahu-wanita-kulit-shoulder-bag-fashion-tas-wanita-populer-ternaru-2549-1729729215997838908?extParam=ivf%3Dfalse%26keyword%3Dtas+wanita%26search_id%3D2026011516550894F6D7E04A4D451FALUY%26src%3Dsearch,fashion-wanita/tas-wanita/shoulder-bag-wanita,158000,43,4.6,14591017,Calvic kylie,Kab. Tangerang,1,60,charles kylie tas bahu wanita kulit shoulder bag fashion tas wanita populer ternaru 2549,True,UMKM,24.39012136529437,3.4925040614886016,0.7922758620689654,0.5711606280445954,0.628276690849055
102418699328,FOXER Tas Selempang Wanita Totebag Wanita Tas Bahu Wanita Slingbag Tas Bulan Sabit Selempang Wanita Kulit,https://www.tokopedia.com/foxerid/foxer-tas-selempang-wanita-totebag-wanita-tas-bahu-wanita-slingbag-tas-bulan-sabit-selempang-wanita-kulit-1732865389945587454?extParam=ivf%3Dfalse%26keyword%3Dtas+wanita%26search_id%3D2026011515552794F6D7E04A4D45360V6Z%26src%3Dsearch,fashion-wanita/tas-wanita/tas-selempang-wanita,219999,56,5.0,7496139288849320702,FOXER.Id,Kab. Tangerang,2,30,foxer tas selempang wanita totebag wanita tas bahu wanita slingbag tas bulan sabit selempang wanita kulit,True,UMKM,22.872625478920384,2.704167487664728,0.893103448275862,0.5575508976102426,0.6133059873712668
100134019428,Boston Bags - Tas Wanita / Tas Selempang Wanita / Tas Bahu / Tas jinjing / Tas Kondangan / Tas Viral Hitam Kulit,https://www.tokopedia.com/beautyidstore/boston-bags-tas-wanita-tas-selempang-wanita-tas-bahu-tas-jinjing-tas-kondangan-tas-viral-hitam-kulit-1730006652429961531?extParam=ivf%3Dtrue%26keyword%3Dtas+wanita%26search_id%3D2026011516370694F6D7E04A4D450A85D2%26src%3Dsearch,fashion-wanita/tas-wanita/tas-selempang-wanita,67200,72,4.9,7494657213867133243,BeautyID.Store,Kab. Bogor,2,7000,boston bags tas wanita tas selempang wanita tas bahu tas jinjing tas kondangan tas viral hitam kulit,True,UMKM,18.06525689355116,8.135444139951062,0.9342758620689655,0.5459904547953254,0.6005895002748579
100133799399,Vegan Bags - BeautyId Tas wanita terbaru / Tas Selempang / Tas Jinjing / Tas Bahu Hitam Kulit,https://www.tokopedia.com/beautyidstore/vegan-bags-beautyid-tas-wanita-terbaru-tas-selempang-tas-jinjing-tas-bahu-hitam-kulit-1729596343916595515?extParam=ivf%3Dfalse%26keyword%3Dtas+wanita%26search_id%3D202601151717347A614FD06C325407FE3L%26src%3Dsearch,fashion-wanita/tas-wanita/tas-selempang-wanita,36000,70,4.6,7494657213867133243,BeautyID.Store,Kab. Bogor,2,10000,vegan bags beautyid tas wanita terbaru tas selempang tas jinjing tas bahu hitam kulit,True,UMKM,18.193358600417668,8.793658787036582,0.8853793103448275,0.5445886998760452,0.5990475698636497
102617279083,Bellavee Liora Tas Bahu Wanita - Kulit Sintetis Anyaman Premium Kapasitas Besar dan Estetik Woven Bag TH025,https://www.tokopedia.com/bellavee-store/bellavee-liora-tas-bahu-wanita-kulit-sintetis-anyaman-premium-kapasitas-besar-dan-estetik-woven-bag-th025-1733365564212676090?extParam=ivf%3Dfalse%26keyword%3Dtas+wanita%26search_id%3D20260115153556819F46E52C25762A8JTK%26src%3Dsearch,fashion-wanita/tas-wanita/tas-selempang-wanita,194750,73,5.0,7496151508839795194,Bellavee Store,Jakarta Utara,3,10,bellavee liora tas bahu wanita kulit sintetis anyaman premium kapasitas besar dan estetik woven bag th025,True,UMKM,21.65719208143603,1.9932549081269784,0.9517241379310344,0.5401021803360238,0.5941123983696261
102400478629,Tas Wanita INDOOMS Bisera Shoulder Kulit,https://www.tokopedia.com/mewahbeauty/tas-wanita-indooms-bisera-shoulder-kulit-1732589797672125515?extParam=ivf%3Dfalse%26keyword%3Dtas+wanita%26search_id%3D20260115150458577BCC914F9E550DFD1E%26src%3Dsearch,fashion-wanita/tas-wanita/tote-bag,85010,71,4.5,7496185784786585675,MewahBeauty,Jakarta Barat,1,2000,tas wanita indooms bisera shoulder kulit,True,UMKM,18.768995627766824,6.6380241411063245,0.8748275862068966,0.5253702953337236,0.577907324867096
102279514365,GEELBY – Leona Bag Minimalis Elegan Tas Selempang Wanita Kulit Sintetis Shoulder Bag Polos Model Terbaru,https://www.tokopedia.com/geelby/geelby-leona-bag-minimalis-elegan-tas-selempang-wanita-kulit-sintetis-shoulder-bag-polos-model-terbaru-1732559189320304575?extParam=ivf%3Dfalse%26keyword%3Dtas+wanita%26search_id%3D2026011517034211B9842E0A271F3E56SD%26src%3Dsearch,fashion-wanita/tas-wanita/tas-selempang-wanita,58500,37,4.6,7496104996227746751,Geelby,Kab. Bogor,3,90,geelby leona bag minimalis elegan tas selempang wanita kulit sintetis shoulder bag polos model terbaru,False,UMKM,22.026662307009097,3.789735784350994,0.7715862068965516,0.5249815195973336,0.577479671557067
100483098104,Dhon id Tas ransel OSCAR waterproof pria wanita kulit Backpack,https://www.tokopedia.com/dhonindonesia/dhon-id-tas-ransel-oscar-waterproof-pria-wanita-kulit-backpack-1730827174179735213?extParam=ivf%3Dtrue%26keyword%3Dtas+pria%26search_id%3D202601121555550BB4AEC171052132DSZZ%26src%3Dsearch,fashion-pria/tas-pria/tas-ransel-pria,199999,71,4.8,8679852,DHON INDONESIA,Kab. Bandung,2,1000,dhon id tas ransel oscar waterproof pria wanita kulit backpack,True,UMKM,18.39959731559768,6.284095879876119,0.9168275862068964,0.5243549585905072,0.5767904544495579
100595613462,JEMIMA BAG / Tas Slempang Wanita / Tas Perempuan  SlingbagKekinian / Tas Wanita  Selempang / Totebag Kulit / JEMIMA,https://www.tokopedia.com/arka-bags/jemima-bag-tas-slempang-wanita-tas-perempuan-slingbagkekinian-tas-wanita-selempang-totebag-kulit-jemima-1731660080040412473?extParam=ivf%3Dfalse%26keyword%3Dtas+wanita%26search_id%3D20260115161533577BCC914F9E550BD3FH%26src%3Dsearch,fashion-wanita/tas-wanita/tas-selempang-wanita,25900,57,4.5,7496229677617678649,ARKA BAGS_NEW,Kab. Bogor,1,10000,jemima bag tas slempang wanita tas perempuan slingbagkekinian tas wanita selempang totebag kulit jemima,True,UMKM,18.085128519818326,8.294137760124874,0.826551724137931,0.52145991706728,0.5736059087740081
102147717632,Light gwin seling bag Tas wanita sling bag terbaru 3 ruang bahan kulit Tas selempang wanit Corean style Kulit,https://www.tokopedia.com/light-gwin-original/light-gwin-seling-bag-tas-wanita-sling-bag-terbaru-3-ruang-bahan-kulit-tas-selempang-wanit-corean-style-kulit-1732291777124796232?extParam=ivf%3Dfalse%26keyword%3Dtas+wanita%26search_id%3D2026011515552794F6D7E04A4D45360V6Z%26src%3Dsearch,fashion-wanita/tas-wanita/tas-selempang-wanita,71000,68,4.7,7494672769747094344,Light Gwin Original,Kab. Pemalang,1,4000,light gwin seling bag tas wanita sling bag terbaru 3 ruang bahan kulit tas selempang wanit corean style kulit,True,UMKM,17.86322466085901,7.256757194670616,0.8924827586206897,0.5205067848965114,0.5725574633861625
100124805385,Tas Selempang Wanita Kramika Trendy - Tas Wanita Selempang Rantai Anyam Kulit PU,https://www.tokopedia.com/stuflyco-512/tas-selempang-wanita-kramika-trendy-tas-wanita-selempang-rantai-anyam-kulit-pu-1729936289335970386?extParam=ivf%3Dfalse%26keyword%3Dtas+wanita%26search_id%3D2026011515394320F07591C6FCB209A0R0%26src%3Dsearch,fashion-wanita/tas-wanita/tas-selempang-wanita,34000,66,4.5,7494797222073567826,stufly.co,Kab. Bogor,1,4000,tas selempang wanita kramika trendy tas wanita selempang rantai anyam kulit pu,True,UMKM,18.223115979437814,7.143019926196109,0.8575862068965517,0.5171535676544105,0.5688689244198516
100078453266,INARA BAGS Tas Selempang Wanita Korean Style Shoulderbag Terbaru Tas Wanita Kekinian Kulit Slingbag Cewek,https://www.tokopedia.com/umystore965/inara-bags-tas-selempang-wanita-korean-style-shoulderbag-terbaru-tas-wanita-kekinian-kulit-slingbag-cewek-1730665465727322006?extParam=ivf%3Dfalse%26keyword%3Dtas+wanita%26search_id%3D20260115153556819F46E52C25762A8JTK%26src%3Dsearch,fashion-wanita/tas-wanita/tas-selempang-wanita,28880,58,4.6,7494650687632542614,Umystore965,Kab. Bogor,1,10000,inara bags tas selempang wanita korean style shoulderbag terbaru tas wanita kekinian kulit slingbag cewek,True,UMKM,17.50764717123076,8.151241857663397,0.8439999999999999,0.5130539456217013,0.5643593401838715
100133563820,Yura bag tas wanita 3 ruang terlaris ptmj kulit selempang,https://www.tokopedia.com/pusattasmurahjakarta/yura-bag-tas-wanita-3-ruang-terlaris-ptmj-kulit-selempang-1729583897292868500?extParam=ivf%3Dfalse%26keyword%3Dtas+wanita%26search_id%3D2026011516292211B9842E0A271F2B6HLD%26src%3Dsearch,fashion-wanita/tas-wanita/tas-selempang-wanita,59000,40,4.8,7494083537767073684,pusattas.murahjakarta,Jakarta Pusat,1,10000,yura bag tas wanita 3 ruang terlaris ptmj kulit selempang,True,UMKM,18.13357385561786,7.710098425843574,0.8099310344827586,0.5107746301699746,0.5618520931869722
14329065589,CEKA Tas Wanita Shoulder Bag Tas Underarm Bag Shoulder Bag Bahu Kulit Croco Hitam - Laila Handbag,https://www.tokopedia.com/ceka-official/ceka-tas-wanita-slingbag-tas-bahu-wanita-original-laila-black-dustbag-0a188?extParam=ivf%3Dtrue%26keyword%3Dtas+wanita%26search_id%3D2026011516370694F6D7E04A4D450A85D2%26src%3Dsearch,fashion-wanita/tas-wanita/shoulder-bag-wanita,159900,68,4.8,17143704,CEKA,Kab. Tangerang,2,10000,ceka tas wanita shoulder bag tas underarm bag shoulder bag bahu kulit croco hitam laila handbag,True,UMKM,16.621348594793634,7.5057681763371775,0.9064827586206896,0.5036437677578907,0.5540081445336797
100103984299,HEELSADDICT Summer Sling Bag Tas Wanita,https://www.tokopedia.com/heelsaddict/heelsaddict-summer-sling-bag-tas-wanita-1729721986701363076?extParam=ivf%3Dfalse%26keyword%3Dtas+wanita%26search_id%3D2026011515253420F07591C6FCB2164BYO%26src%3Dsearch,fashion-wanita/tas-wanita/tas-selempang-wanita,110280,50,4.9,7494083370190473092,Heelsaddict_NEW,Kab. Bekasi,2,100000,heelsaddict summer sling bag tas wanita,True,UMKM,15.47857056852973,10.137745422598481,0.8584137931034483,0.5035322073399102,0.5538854280739013
100022948947,GH-Bag Tas Ransel Pria Wanita Kulit PU LISBON Backpack PU Leather,https://www.tokopedia.com/gh-bag-104/gh-bag-tas-ransel-pria-wanita-kulit-pu-lisbon-backpack-pu-leather-1729573284817373795?extParam=ivf%3Dfalse%26keyword%3Dtas+pria%26search_id%3D202601121609425737C6EC2E071604EWPC%26src%3Dsearch,fashion-pria/tas-pria/tas-ransel-pria,135000,35,4.8,7494853632606571107,GH Bag,Bandung,2,5000,gh bag tas ransel pria wanita kulit pu lisbon backpack pu leather,False,UMKM,18.0471205927826,7.443188893764749,0.7926896551724137,0.5014216945132527,0.551563863964578
103048871654,CORALDAISY Tas Wanita 2026 Tote Bag Coquette  Tas Bahu Tas Wanita Simple Elegan,https://www.tokopedia.com/coraldaisy/coraldaisy-tas-wanita-2026-tote-bag-coquette-tas-bahu-tas-wanita-simple-elegan-1734373023809636083?extParam=ivf%3Dfalse%26keyword%3Dsouvenir%26search_id%3D2026030516163434ED066DF378EF2CCSYP%26src%3Dsearch,fashion-wanita/tas-wanita/tote-bag,69999,82,4.9,7496016456413711091,CORALDAISY,Kab. Sumedang,2,5000,coraldaisy tas wanita 2026 tote bag coquette tas bahu tas wanita simple elegan,True,UMKM,15.753017985028107,7.395929025055089,0.9687586206896552,0.5013534726884108,0.551488819957252
100030507130,【BAGIN】Finna Bag - Tas Selempang Wanita Tas Handbag Wanita Chainbag Kulit PU Leather [wy-007],https://www.tokopedia.com/baginbagofficial-672/bagin-finna-bag-tas-selempang-wanita-tas-handbag-wanita-chainbag-kulit-pu-leather-wy-007-1729982671702821690?extParam=ivf%3Dtrue%26keyword%3Dtas+wanita%26search_id%3D2026011517034211B9842E0A271F3E56SD%26src%3Dsearch,fashion-wanita/tas-wanita/tas-selempang-wanita,123000,69,4.8,7495554470471961402,BAGINBAGOfficial,Tangerang,2,10000,bagin finna bag tas selempang wanita tas handbag wanita chainbag kulit pu leather wy 007,True,UMKM,15.90494536784201,8.245886565009428,0.9099310344827586,0.5003658846009984,0.5504024730610982
100161887625,Alona Leather Kirana Shoulder Bag -Tas Selempang Bahu Wanita Kulit Sapi Asli Free Random Gift,https://www.tokopedia.com/alona-leather/alona-leather-kirana-shoulder-bag-tas-selempang-bahu-wanita-kulit-sapi-asli-free-random-gift-1729943840734219001?extParam=ivf%3Dfalse%26keyword%3Dtas+wanita%26search_id%3D20260115150458577BCC914F9E550DFD1E%26src%3Dsearch,fashion-wanita/tas-wanita/tote-bag,553000,0,4.9,7494083631906391801,Alona Leather_NEW,Kab. Malang,3,100,alona leather kirana shoulder bag tas selempang bahu wanita kulit sapi asli free random gift,False,UMKM,21.41982964760166,4.24462409175033,0.686,0.49788424360251193,0.5476726679627631
100323810559,Tas Wanita Kamila Model Terbaru -  Tas murah,https://www.tokopedia.com/victoriastoree2/tas-wanita-kamila-model-terbaru-tas-murah-1730283698752685919?extParam=ivf%3Dfalse%26keyword%3Dtas+wanita%26search_id%3D2026011515394320F07591C6FCB209A0R0%26src%3Dsearch,fashion-wanita/tas-wanita/hand-bag-wanita,11000,69,4.6,7495674155682007903,victoriastoree2,Kab. Bogor,1,50000,tas wanita kamila model terbaru tas murah,True,UMKM,15.260650395506367,9.518196283497577,0.8819310344827586,0.49737981046959057,0.5471177915165497
100188943446,Yona Bag | Tas Bahu | Tas wanita Selempang,https://www.tokopedia.com/coyabag/yona-bag-tas-bahu-tas-wanita-selempang-1730526283496064749?extParam=ivf%3Dfalse%26keyword%3Dtas+wanita%26search_id%3D2026011516292211B9842E0A271F2B6HLD%26src%3Dsearch,fashion-wanita/tas-wanita/tas-selempang-wanita,94000,66,4.9,7495832873096284909,Coya.Bag,Madiun,3,7000,yona bag tas bahu tas wanita selempang,True,UMKM,15.910076549618257,7.808395303054626,0.9135862068965518,0.4957975333652974,0.5453772867018272
102382702930,LALASTORE1 SUNNY BAG TAS SELEMPANG WANITA SIMPEL SIZE 18X13X6CM BAHAN KULIT,https://www.tokopedia.com/lalastore1/lalastore1-sunny-bag-tas-selempang-wanita-simpel-size-18x13x6cm-bahan-kulit-1732778201447171384?extParam=ivf%3Dfalse%26keyword%3Dtas+wanita%26search_id%3D2026011515531026E359E83860DB3696NT%26src%3Dsearch,fashion-wanita/tas-wanita/tas-selempang-wanita,29999,67,4.7,7494794228588316984,LALASTORE1,Jakarta Pusat,3,9000,lalastore1 sunny bag tas selempang wanita simpel size 18x13x6cm bahan kulit,True,UMKM,16.024023038646085,7.9076415125553225,0.8890344827586207,0.4930850644526504,0.5423935708979155
100101872236,SHANGNCO Tas Selempang Wanita Sling Bag Wanita Handbag Shoulder Bag Kulit Sintetis - Nebuline,https://www.tokopedia.com/shangnco/shangnco-tas-selempang-wanita-sling-bag-wanita-handbag-shoulder-bag-kulit-sintetis-nebuline-1729587207940375629?extParam=ivf%3Dtrue%26keyword%3Dtas+wanita%26search_id%3D2026011516403111B9842E0A271F1C02H8%26src%3Dsearch,fashion-wanita/tas-wanita/tas-selempang-wanita,154990,69,4.8,7494544886647064653,SHANGNCO_NEW,Kab. Tangerang,2,7000,shangnco tas selempang wanita sling bag wanita handbag shoulder bag kulit sintetis nebuline,True,UMKM,15.649523048634876,7.872387943109847,0.9099310344827586,0.4907612809960329,0.5398374090956363
